NM_MUN,bairro,n_setores,pop,casos,taxa,cum_casos_pct,cum_pop_pct
Guarulhos,Pimentas,313,167705,325.0,38.75853433111714,0.7421616313854444,0.8166414190613422
São Bernardo do Campo,Montanhão,173,98992,203.0,41.01341522547276,1.2057272042200453,1.2986840973101745
Mauá,RP8 (Regiões de Planejamento),124,69810,180.0,51.56854318865492,1.6167705692950607,1.638624692192094
Guarulhos,Bonsucesso,168,100497,172.0,34.22987750878136,2.009545340366742,2.127995985185193
Guarulhos,Cumbíca,151,86422,162.0,37.49045381962926,2.3794843689342557,2.548828904407156
Guarulhos,Taboão,126,75539,161.0,42.626987384000316,2.747139823251353,2.9166669304318704
Barueri,Silveira,84,57223,145.0,50.67892281075792,3.078258089561782,3.1953149845921356
Mauá,RP7 (Regiões de Planejamento),111,62282,133.0,42.70896888346553,3.38197346486721,3.498597897218345
Diadema,Taboão,82,45612,118.0,51.74076997281418,3.651435226416387,3.7207060538399483
Guarulhos,São João,109,70669,116.0,32.82910469937313,3.91632983946473,4.064829559064276
Diadema,Eldorado,80,42413,113.0,53.2855492419777,4.1743737297618235,4.2713601485317865
São Bernardo do Campo,Dos Alvarenga,119,71864,110.0,30.61338083045753,4.425566897307666,4.621302719948407
Guarulhos,Cabuçu,118,77805,110.0,28.275817749501957,4.676760064853509,5.0001750589369145
Barueri,Mutinga,39,31827,100.0,62.83972727558362,4.905117489895184,5.155157000110197
Diadema,Casa Grande,68,37113,96.0,51.733893783849325,5.124340617935192,5.335879178850387
São Bernardo do Campo,Baeta Neves,98,47899,91.0,37.996617883463124,5.332145874723117,5.569123908176402
Osasco,Munhoz Júnior,57,28860,90.0,62.37006237006237,5.537667557260624,5.709658008853843
Osasco,Jardim Conceição,70,40738,84.0,41.23913790564092,5.729487794295632,5.908032166629228
Barueri,Votupoca,61,46467,84.0,36.15469042546323,5.921308031330639,6.134303755547409
Guarulhos,Vila Rio,88,49503,83.0,33.53332121285579,6.1108446941152295,6.37535918125203
Guarulhos,Itaím,49,28866,82.0,56.81424513268205,6.298097782649403,6.515922498998219
Guarulhos,Presidente Dutra,82,43985,81.0,36.8307377515062,6.483067296933159,6.730107960477681
Diadema,Centro,100,53521,81.0,30.26849274116702,6.668036811216917,6.990729083220487
Guarulhos,Bananal,63,41040,80.0,38.98635477582846,6.850722751250257,7.190573833456184
Osasco,Padroeira,49,24345,77.0,63.257342370096524,7.026557968532347,7.309122089900823
Diadema,Conceição,89,44767,71.0,31.719793597962788,7.188691740311937,7.527115509340429
Osasco,São Pedro,49,27097,71.0,52.404325202051886,7.350825512091526,7.659064661317444
Mauá,RP10 (Regiões de Planejamento),95,50033,70.0,27.98153218875542,7.510675709620698,7.902700928094797
São Bernardo do Campo,Ferrazópolis,87,42920,70.0,32.618825722274,7.67052590714987,8.111700359871506
Guarulhos,Picanço,113,52780,70.0,26.52519893899204,7.830376104679043,8.368713174623943
Guarulhos,Morros,66,40888,70.0,34.23987477988652,7.990226302208216,8.567817759118027
São Bernardo do Campo,Dos Casa,79,41369,69.0,33.35831177935169,8.147792925486973,8.7692645786234
Diadema,Canhema,56,28491,69.0,48.43634832052227,8.305359548765729,8.908001829572845
Osasco,Veloso,53,29441,66.0,44.83543357902245,8.456075449293234,9.051365116407375
Osasco,Bandeiras,43,24110,66.0,54.74906677727084,8.606791349820739,9.16876903765939
Diadema,Campanário,55,29334,65.0,44.317174609667966,8.75522367609783,9.311611286767915
Diadema,Serraria,56,29414,65.0,44.1966410552798,8.903656002374918,9.45484309679308
São Bernardo do Campo,Centro,186,77204,64.0,16.579451841873478,9.04980475440159,9.830788859395339
Osasco,Santa Maria,44,29028,62.0,42.71737632630564,9.191386357927428,9.972141037997723
Mauá,RP12 (Regiões de Planejamento),64,35958,61.0,33.92847210634629,9.33068438720285,10.14723893100394
Osasco,Rochdale,52,25259,55.0,43.54883407894216,9.45628097097577,10.27023792092118
Mauá,RP9 (Regiões de Planejamento),77,34904,54.0,30.94201237680495,9.579593980498275,10.44020334885068
Guarulhos,Jardim Vila Galvão,29,15804,51.0,64.54062262718298,9.69605626726953,10.517161107932672
Santo André,Jardim Santo André CDHU,58,26687,49.0,36.72199947540001,9.807951405539951,10.647113760211914
Osasco,Jardim Roberto,41,20620,49.0,47.526673132880696,9.919846543810372,10.74752308647556
Mauá,RP11 (Regiões de Planejamento),61,33268,47.0,28.255380545869905,10.02717453357996,10.909521993659798
Barueri,Belval,39,30011,47.0,31.321848655492985,10.134502523349546,11.055660902025382
Diadema,Vila Nogueira,55,30685,47.0,30.633860192276355,10.241830513119133,11.205081861113644
Osasco,Piratininga,27,14044,47.0,66.93249786385645,10.34915850288872,11.273469280029582
Osasco,Aliança,35,16236,47.0,57.8960335057896,10.456486492658309,11.352530668061425
Diadema,Piraporinha,56,29727,47.0,31.621085208732804,10.563814482427897,11.497286635172939
Guarulhos,Vila Galvão,75,32853,45.0,27.39475846954616,10.66657532369665,11.657264695102114
Barueri,Engenho Novo,35,25172,45.0,35.7540123947243,10.769336164965404,11.779840037522508
São Bernardo do Campo,Batistini,62,29905,45.0,30.095301788998498,10.872097006234158,11.925462777673543
São Bernardo do Campo,Cooperativa,56,29963,44.0,29.36955578546874,10.972574273252494,12.071367949489142
Osasco,Ayrosa,41,21681,44.0,40.58853373921867,11.073051540270832,12.17694382740971
Osasco,Bela Vista,25,11248,43.0,76.45803698435277,11.171245233038753,12.231716092289124
Santo André,Miami / Riviera,24,11647,42.0,72.12157637159784,11.267155351556255,12.288431292240274
Barueri,Califórnia,32,20542,42.0,40.89183136987635,11.363065470073758,12.388460796610197
Osasco,Vila Menck,43,22164,42.0,37.89929615592853,11.458975588591263,12.496388648564972
Osasco,Helena Maria,43,20604,41.0,39.798097456804506,11.55260213285835,12.596720062645291
Guarulhos,Fátima,30,14604,41.0,56.149000273897556,11.646228677125436,12.667834407977702
São Bernardo do Campo,Planalto,71,35068,41.0,23.38314132542489,11.739855221392524,12.838598435786313
São Bernardo do Campo,Alves Dias,56,27065,41.0,30.297432107888415,11.833481765659611,12.970391763396671
Mauá,RP4 (Regiões de Planejamento),99,51583,41.0,15.896710156446892,11.927108309926696,13.221575772933903
Guarulhos,Gopoúva,59,26370,39.0,29.57906712172924,12.01616770569295,13.34998479008096
Mauá,RP13 (Regiões de Planejamento),53,28107,39.0,27.751094033514782,12.105227101459203,13.48685214863054
Guarulhos,Bela Vista,31,19248,38.0,39.484621778886115,12.192002922975039,13.580580505173831
São Bernardo do Campo,Paulicéia,52,23147,38.0,32.833628547975984,12.278778744490877,13.693295086891805
São Bernardo do Campo,Rudge Ramos,98,40309,38.0,18.85435014512888,12.365554566006713,13.889580224251716
Santo André,Vila Metalúrgica,39,22081,37.0,33.51297495584439,12.450046813272134,13.997103906755479
Diadema,Inamar,46,20181,37.0,36.66815321341856,12.534539060537552,14.09537551748907
Guarulhos,Cocaia,50,25426,36.0,28.317470305985996,12.616747733552556,14.219187715819793
Guarulhos,Mato das Cobras,17,12226,35.0,57.255030263373136,12.696672832317143,14.278722362905114
Barueri,Cruz Preta,38,30353,34.0,22.40305735841597,12.774314356831312,14.426526644189327
Santo André,Vila Guiomar,23,11848,34.0,57.39365293720459,12.85195588134548,14.48422061594353
Osasco,Baronesa,30,13403,33.0,49.24270685667388,12.927313831609236,14.549486678014901
São Bernardo do Campo,Assunção,91,39844,33.0,16.564601947595623,13.002671781872987,14.743507492546847
Guarulhos,Macedo,52,23219,33.0,28.424996769886732,13.07802973213674,14.856572679089798
Guarulhos,Itapegica,42,19306,31.0,32.11436859007563,13.148820533899661,14.950583467297651
Santo André,Parque João Ramalho,36,17386,31.0,35.66087656735304,13.219611335662579,15.035244793506175
Guarulhos,Vila Barros,34,18247,30.0,32.88211760837398,13.28811856317508,15.124098769080025
São Bernardo do Campo,Independência,43,22763,30.0,26.358564336862454,13.356625790687584,15.234943458398131
Guarulhos,Bom Clima,17,10255,30.0,58.50804485616773,13.425133018200086,15.284880298399766
Guarulhos,Água Chata,41,22935,29.0,25.28885982123392,13.491356671462174,15.396562543688649
São Bernardo do Campo,Taboão,62,29574,29.0,19.611821194292283,13.557580324724258,15.54057347554709
Osasco,Bussocaba,24,12644,29.0,45.87155963302752,13.623803977986343,15.60214357842185
Caieiras,Serpa,45,27210,28.0,20.580668871738332,13.687744056998014,15.734642985193616
Osasco,Jardim Novo Osasco,34,18252,28.0,30.68156914310761,13.75168413600968,15.823521308324755
Osasco,Jardim Elvira,18,10446,27.0,51.69442848937392,13.813340640770935,15.874388225014865
Guarulhos,Invernada,28,14503,27.0,37.23367579121561,13.874997145532186,15.94501074969002
Guarulhos,Ponte Grande,63,25546,27.0,21.13833868315979,13.93665365029344,16.0694072893957
Osasco,Pestana,24,12226,27.0,44.16816620317357,13.998310155054691,16.12894193648102
Osasco,Bonança,48,23398,27.0,23.078895632105308,14.059966659815945,16.24287876557495
Itaquaquecetuba,Aracaré,46,27503,26.0,18.907028324182818,14.11933959032678,16.376804939203907
Guarulhos,Lavras,30,17717,26.0,29.350341479934528,14.178712520837616,16.463078073705024
Caieiras,Laranjeiras,38,21367,25.0,23.400570973931764,14.235801877098034,16.567124925027784
Itaquaquecetuba,Campo Limpo,84,50348,25.0,9.930881067768333,14.292891233358453,16.812295087914404
Santo André,Vila Palmares,27,12832,24.0,37.406483790523694,14.347697015368455,16.874780658943266
Osasco,Presidente Altino,23,13699,24.0,35.03905394554347,14.402502797378459,16.9414880964062
São Bernardo do Campo,Nova Petrópolis,56,25585,24.0,18.760992769200705,14.457308579388458,17.06607454705874
Guarulhos,Paraventi,20,11071,23.0,41.549995483696144,14.509830787148045,17.11998490841009
Osasco,Santo Antônio,29,13510,23.0,34.048852701702444,14.562352994907629,17.185772008207465
Osasco,Vila Yolanda,25,12300,22.0,35.77235772357724,14.6125916284168,17.245666999140678
Barueri,Boa Vista,19,11805,22.0,37.272342227869544,14.662830261925967,17.30315158190219
São Bernardo do Campo,Santa Terezinha,51,25641,22.0,17.16001716001716,14.713068895435136,17.428010725196376
Guarulhos,Vila Augusta,89,35319,22.0,12.457883858546392,14.763307528944303,17.59999700038094
São Bernardo do Campo,Jordanópolis,34,14568,21.0,28.83031301482702,14.811262588203055,17.670936043300863
Santo André,Cidade São Jorge,29,12841,21.0,32.70773304259793,14.859217647461806,17.733465439932846
Guarulhos,Centro,64,24581,21.0,17.086367519628983,14.907172706720559,17.853162901081575
Santo André,Parque Capuava,29,13352,21.0,31.455961653684845,14.955127765979311,17.918180618068586
Itaquaquecetuba,Monte Belo,32,20900,21.0,20.095693779904305,15.003082825238062,18.019953407540466
Itaquaquecetuba,Corredor,60,42623,21.0,9.853834784036788,15.051037884496814,18.22750659441415
Santo André,Parque Oratório,22,11886,20.0,33.65303718660609,15.096709369505149,18.285385607603764
Guarulhos,Torres Tibagy,34,18874,20.0,21.19317579739324,15.142380854513485,18.377292766861768
Guarulhos,Tranquilidade,8,5223,20.0,76.58433850277618,15.188052339521821,18.402726225206823
Osasco,Iapi,32,12803,20.0,31.242677497461532,15.233723824530154,18.4650705804034
Santo André,Jardim Santa Cristina,24,9966,19.0,38.1296407786474,15.277111735288074,18.513600131593677
Santo André,Vila Suíça,23,8426,19.0,45.09850462853074,15.32049964604599,18.554630635138658
Guarulhos,Fortaleza,16,14962,19.0,25.397674107739604,15.36388755680391,18.627488265573025
Osasco,Jaguaribe,43,23679,19.0,16.047974998944213,15.40727546756183,18.742793427386648
Santo André,Jardim do Estádio,30,14577,19.0,26.068464018659533,15.450663378319746,18.813776295909694
Osasco,Mutinga,23,12227,19.0,31.07876012104359,15.494051289077666,18.873315812506473
Osasco,Jardim D'Abril,27,13812,18.0,26.064291920069504,15.535155625585165,18.94057350476416
Osasco,Portal D'Oeste,24,10091,18.0,35.6753542760876,15.576259962092667,18.989711744886684
Santo André,Condomínio Maracanã,23,12218,18.0,29.46472417744312,15.61736429860017,19.04920743588034
São Bernardo do Campo,Demarchi,56,25213,18.0,14.27834847102685,15.65846863510767,19.171982428270514
Osasco,Centro,40,12961,18.0,27.77563459609598,15.699572971615172,19.235096166277454
Santo André,Recreio da Borda do Campo,21,11240,18.0,32.02846975088968,15.740677308122674,19.289829475065204
Santo André,Jardim Santo André,22,9165,17.0,37.09765411893071,15.779498070379757,19.334458547577636
Itaquaquecetuba,Tipóia,27,16417,17.0,20.710239386002314,15.818318832636843,19.414401317183373
Caieiras,Vera Tereza,20,11872,17.0,28.638814016172503,15.85713959489393,19.472212157212567
Santo André,Sítio dos Vianas,16,9776,16.0,32.733224222585925,15.893676782900595,19.519816501225826
Santo André,Vila Curuçá,28,13216,16.0,24.213075060532688,15.930213970907264,19.584171964654555
Mauá,RP3 (Regiões de Planejamento),64,28522,16.0,11.219409578570929,15.966751158913933,19.7230601704592
Santo André,Parque Novo Oratório,31,16487,16.0,19.409231515739673,16.0032883469206,19.80334380586699
Santo André,Parque das Nações,30,17414,16.0,18.37601929482026,16.039825534927267,19.88814147839634
São Caetano do Sul,Nova Gerti,22,13181,16.0,24.277368940141113,16.076362722933936,19.95232650892404
Barueri,Aldeia,13,8173,16.0,39.153309678208736,16.112899910940605,19.99212502607015
Caieiras,Vila Rosina,18,7780,16.0,41.131105398457585,16.149437098947274,20.03000982521327
Barueri,Centro,32,17803,16.0,17.97449867999775,16.185974286953943,20.11670173769977
Santo André,Campestre,51,24754,15.0,12.119253453987234,16.220227900710192,20.23724162433073
Osasco,Metalúrgicos,14,8146,15.0,36.82789098944267,16.25448151446644,20.276908664667474
Osasco,Km 18,30,11929,15.0,25.148797049207815,16.288735128222694,20.334997066849773
Osasco,Castelo Branco,12,5093,15.0,58.90437855880621,16.322988741978943,20.35979748870529
Santo André,Vila Camilópolis,38,19228,15.0,15.602246723528188,16.357242355735195,20.45342845501942
Caieiras,Nova Era,12,6603,14.0,42.40496743904286,16.38921239524103,20.485581839176493
Ribeirão Pires,Aliança,24,16185,14.0,17.299969107198024,16.421182434746868,20.564394882123977
São Caetano do Sul,Oswaldo Cruz,26,13742,14.0,20.375491194877018,16.4531524742527,20.631311708579606
Barueri,Alphaville,49,24594,14.0,11.384890623729365,16.485122513758537,20.751072473377285
Santo André,Vila Assunção,37,16356,13.0,15.896307165566153,16.514808979013953,20.830718202784084
Itaquaquecetuba,Sítio Mato Dentro,30,21123,13.0,12.308857643327178,16.54449544426937,20.9335768933111
Santo André,Vila Sacadura Cabral,12,6615,13.0,39.304610733182166,16.57418190952479,20.96578871160567
São Caetano do Sul,Cerâmica,27,11814,13.0,22.007787370915864,16.603868374780205,21.0233171199703
Santo André,Jardim Irene,16,6788,13.0,38.30288744843842,16.633554840035625,21.0563713637471
São Caetano do Sul,Santa Maria,38,18083,13.0,14.378145219266715,16.66324130529104,21.14442673944184
Guarulhos,Sadokim,16,9419,12.0,25.480411933326252,16.69064419629604,21.1902926678646
Itaquaquecetuba,Cidade Kemel,28,17106,12.0,14.03016485443704,16.718047087301045,21.273590530864887
Santo André,Vila Pires,26,14993,12.0,16.007470152737945,16.745449978306045,21.34659911615445
Itaquaquecetuba,Cuiabá,43,28128,12.0,8.532423208191126,16.772852869311045,21.48356873444465
Santo André,Jardim,39,15994,12.0,15.005627110166312,16.800255760316045,21.56145170070366
Santo André,Jardim Ipanema,18,9872,12.0,24.311183144246353,16.827658651321048,21.609523517816882
Santo André,Jardim Guarará,14,5284,12.0,45.42013626040878,16.855061542326048,21.63525401636088
Santo André,Jardim Cristiane,20,9368,12.0,25.619128949615714,16.882464433331048,21.680871599699277
Santo André,Vila Linda,20,11044,12.0,21.73125679101775,16.90986732433605,21.734650484241264
Osasco,Vila Osasco,29,12126,12.0,19.792182088075208,16.93727021534105,21.793698180180787
Mauá,RP6 (Regiões de Planejamento),18,8256,11.0,26.647286821705425,16.96238953209564,21.83390086677791
Osasco,Remédios,13,4990,11.0,44.08817635270541,16.98750884885022,21.858199728953252
Osasco,Cidade das Flores,15,8316,11.0,26.455026455026456,17.012628165604802,21.898694586237855
Santo André,Centreville,11,5138,11.0,42.81821720513819,17.03774748235939,21.92371413610898
Osasco,Industrial Anhanguera,14,6096,11.0,36.08923884514436,17.062866799113973,21.953398677956855
Ribeirão Pires,Santa Luzia,13,9735,11.0,22.598870056497177,17.08798611586856,22.000803372000338
Ribeirão Pires,Colônia,13,8627,11.0,25.50133302422627,17.11310543262314,22.042812647348374
Guarulhos,Água Azul,6,2200,11.0,100.0,17.138224749377727,22.05352557255594
Santo André,Vila João Ramalho,16,8301,11.0,26.50283098421877,17.16334406613231,22.093947387168672
Osasco,Quintaúna,19,9013,11.0,24.409186730278485,17.188463382886894,22.13783629393949
São Caetano do Sul,Santa Paula,49,17508,11.0,12.565684258624628,17.213582699641478,22.223091700545886
São Bernardo do Campo,Anchieta,40,15970,11.0,13.77582968065122,17.23870201639606,22.300857798529904
São Caetano do Sul,Fundação,29,8214,11.0,26.783540297053808,17.26382133315065,22.340855965645794
Santo André,Vila Scarpelli,15,7307,11.0,30.108115505679486,17.288940649905232,22.376437485869285
Itaquaquecetuba,Pinheirinho,29,19948,10.0,10.026067776218166,17.3117763924094,22.473574500433166
Osasco,Cipava,17,8562,10.0,23.3590282644242,17.334612134913566,22.515267257536433
Santo André,Jardim Stella,19,9066,10.0,22.060445621001545,17.357447877417734,22.559414248414527
Santo André,Jardim Telles de Menezes,18,9258,10.0,21.602937999567942,17.3802836199219,22.604496185492547
Guarulhos,Cecap,20,10002,10.0,19.996000799840033,17.40311936242607,22.65320103909531
Osasco,Bonfim,3,1621,10.0,123.38062924120914,17.42595510493024,22.661094517168703
Itaquaquecetuba,Rio Abaixo,61,35367,10.0,5.654989114145955,17.448790847434402,22.833314528903255
São Caetano do Sul,Boa Vista,43,14559,10.0,13.737207225771002,17.471626589938573,22.904209746220054
São Bernardo do Campo,Dos Finco,20,10117,10.0,19.768706138183255,17.49446233244274,22.953474593640486
Santo André,Parque Erasmo Assunção,32,14033,9.0,12.826908002565382,17.51501450069649,23.021808447930386
São Caetano do Sul,Barcelona,43,12483,9.0,14.419610670511897,17.535566668950242,23.08259455946041
Itaquaquecetuba,Pium,19,14259,9.0,12.623606143488322,17.55611883720399,23.152028923339817
Santo André,Vila Lucinda,16,7139,9.0,25.213615352290237,17.57667100545774,23.18679236563837
São Bernardo do Campo,Botujuru,22,13013,9.0,13.832321524629219,17.597223173711495,23.250159318241124
Osasco,Industrial Autonomistas,33,14571,9.0,12.353304508956144,17.617775341965245,23.321112969695424
Santo André,Vila Floresta,15,8338,9.0,21.58791076996882,17.638327510218996,23.361714956232102
São Caetano do Sul,Olímpico,31,15964,9.0,11.275369581558506,17.658879678472744,23.43945183714737
Santo André,Jardim Alvorada,22,9550,8.0,16.75392670157068,17.677148272476078,23.485955671571123
Guarulhos,Monte Carmelo,15,5911,8.0,27.068177973270174,17.695416866479412,23.514739353799275
Santo André,Vila Lutécia,13,5297,8.0,30.205776854823487,17.713685460482747,23.540533155992218
Santo André,Jardim Bela Vista,23,8982,8.0,17.81340458695168,17.73195405448608,23.58427110790784
Santo André,Jardim Alzira Franco,13,7596,8.0,21.063717746182203,17.750222648489416,23.62125991694269
Ribeirão Pires,Centro Alto,9,4878,8.0,32.800328003280036,17.76849124249275,23.64501339383474
Santo André,Jardim Utinga,9,5876,8.0,27.22940776038121,17.78675983649608,23.67362664316186
Santo André,Vila Alzira,24,10675,8.0,14.988290398126463,17.805028430499416,23.72560867797585
Santo André,Santa Terezinha,17,7481,8.0,21.387515038096513,17.82329702450275,23.76203749319303
Santo André,Parque Marajoara,18,9368,8.0,17.079419299743808,17.841565618506085,23.807655076531432
Ribeirão Pires,Pilar Velho,11,5014,8.0,31.910650179497406,17.85983421250942,23.83207080698177
São Bernardo do Campo,Rio Grande,14,6869,7.0,20.381423788033192,17.875819232262337,23.865519481186666
Osasco,Umuarama,19,10227,7.0,13.689253935660506,17.891804252015252,23.915319974867476
Ribeirão Pires,Pouso Alegre,9,4063,7.0,34.45729756337681,17.90778927176817,23.93510479992127
Caieiras,Centro,11,4871,7.0,28.74153151303634,17.923774291521088,23.958824190233113
Ribeirão Pires,Roncon,10,6490,7.0,21.571648690292758,17.939759311274006,23.990427319595437
Santo André,Cata Preta,11,6781,7.0,20.645922430320013,17.955744331026924,24.023447476792033
São Caetano do Sul,São José,19,7645,7.0,18.312622629169393,17.971729350779842,24.060674891888322
Santo André,Vila Humaitá,14,6864,7.0,20.396270396270396,17.98771437053276,24.09409921853593
Santo André,Vila Helena,16,9342,7.0,14.9860843502462,18.003699390285675,24.139590194576428
Santo André,Vila Guaraciaba,11,5525,7.0,25.339366515837103,18.019684410038593,24.16649424538179
Ribeirão Pires,São Caetaninho,6,3650,6.0,32.87671232876713,18.03338585554109,24.18426796220344
Santo André,Centro,13,3703,6.0,32.406157169862276,18.047087301043593,24.202299763132356
Santo André,Vila Luzita,10,4441,6.0,27.020941229452827,18.060788746546095,24.223925263517266
Ribeirão Pires,Km 4,3,1303,6.0,92.0951650038373,18.074490192048597,24.230270236947018
Osasco,Jardim das Flores,21,9265,6.0,12.951969778737183,18.088191637551095,24.27538626060525
Santo André,Vila Príncipe de Gales,12,5389,6.0,22.267582111709036,18.101893083053596,24.30162805785233
Osasco,Industrial Remédios,6,2988,6.0,40.16064257028113,18.115594528556095,24.316178158088785
Santo André,Vila Aquilino,8,3959,6.0,30.310684516291992,18.129295974058596,24.335456553950948
Itaquaquecetuba,Morro Branco,20,11537,6.0,10.401317500216694,18.142997419561098,24.39163610764172
Osasco,Adalgisa,20,8857,6.0,13.548605622671335,18.156698865063596,24.43476537062509
Santo André,Jardim Santo Alberto,13,6152,6.0,19.50585175552666,18.170400310566098,24.464722605114613
Santo André,Jardim das Maravilhas,8,3704,6.0,32.39740820734341,18.1841017560686,24.48275927555499
Santo André,Jardim Bom Pastor,12,5563,6.0,21.571094733057702,18.1978032015711,24.509848367795758
Mauá,RP1 (Regiões de Planejamento),24,8933,5.0,11.194447554013209,18.209221072823183,24.553347713649938
Santo André,Vila Guarani,7,3261,5.0,30.665440049064706,18.220638944075265,24.569227190514425
Santo André,Jardim Ana Maria,10,4813,5.0,20.77706212341575,18.23205681532735,24.592664149161706
Santo André,Jardim Santo Antônio,18,8956,5.0,11.165698972755694,18.243474686579432,24.63627549377942
Santo André,Vila Gilda,11,5609,5.0,17.828489926903192,18.254892557831518,24.663588583547256
Santo André,Vila Progresso,7,4288,5.0,23.32089552238806,18.266310429083603,24.684469048679095
Ribeirão Pires,Santana,6,3526,5.0,28.36074872376631,18.277728300335685,24.70163894607995
Ribeirão Pires,Suíssa,15,8096,5.0,12.35177865612648,18.28914617158777,24.741062510843793
Santo André,Jardim Itapoan,9,3669,5.0,27.255382938130282,18.300564042839852,24.758928748383138
Santo André,Jardim Marek,10,4373,5.0,22.8675966155957,18.311981914091938,24.780223121988907
Osasco,Vila Yara,22,7622,5.0,13.119916032537391,18.323399785344023,24.817338538321668
São Caetano do Sul,Santo Antônio,27,11365,5.0,8.798944126704795,18.3348176565961,24.872680536041663
Santo André,Paraíso,5,3426,5.0,29.18855808523059,18.346235527848187,24.88936348229672
Santo André,Vila América,13,4776,5.0,20.938023450586265,18.357653399100272,24.912620269020056
Santo André,Vila Homero Thon,11,5309,4.0,15.068751177246185,18.366787696101937,24.938472505350497
Santo André,Jardim Las Vegas,19,11925,4.0,6.7085953878406706,18.375921993103606,24.996541429486964
Ribeirão Pires,Centro Ouro Fino Paulista,6,3968,4.0,20.161290322580644,18.385056290105272,25.01586365095225
Osasco,Três Montanhas,4,1441,4.0,55.51700208188758,18.39419058710694,25.022880616963207
São Bernardo do Campo,Varginha,7,2729,4.0,29.314767314034448,18.403324884108606,25.036169513732048
Ribeirão Pires,Quarta Divisão,10,5033,4.0,15.895092390224518,18.412459181110275,25.060677764900085
São Caetano do Sul,Mauá,30,10354,4.0,7.7264825188333015,18.42159347811194,25.11109668653606
Santo André,Parque Represa Billings III,3,1432,4.0,55.865921787709496,18.43072777511361,25.118069826943895
Ribeirão Pires,Tanque Caio,4,3102,4.0,25.78981302385558,18.439862072115275,25.13317505148656
Santo André,Vila Valparaíso,28,12490,4.0,6.405124099279423,18.44899636911694,25.19399524959679
São Caetano do Sul,Centro,12,3787,4.0,21.12490097702667,18.458130666118606,25.212436089488182
Santo André,Bangú,9,5053,4.0,15.832178903621612,18.467264963120275,25.23704173088538
São Bernardo do Campo,Tatetos,8,2274,4.0,35.180299032541775,18.47639926012194,25.248114999940835
Caieiras,Morro Grande,12,4531,4.0,17.656146546016334,18.48553355712361,25.270178756356966
Guarulhos,Aracília,4,2036,4.0,39.29273084479371,18.494667854125275,25.280093081685422
Itaquaquecetuba,Perobal,22,14001,4.0,5.713877580172845,18.503802151126944,25.348271111608668
Itaquaquecetuba,Centro,14,6307,4.0,12.684319010623117,18.51293644812861,25.378983120374176
Mauá,RP2 (Regiões de Planejamento),4,1817,4.0,44.028618602091356,18.52207074513028,25.387831022693337
Guarulhos,Maia,10,5231,4.0,15.293442936341044,18.531205042131944,25.413303437130054
Osasco,Paiva Ramos,4,2796,4.0,28.612303290414882,18.540339339133613,25.42691859116658
Santo André,Parque Represa Billings II,1,443,3.0,135.44018058690745,18.547190061884862,25.429075784742466
Caieiras,Nova Caieiras,9,3442,3.0,17.431725740848346,18.55404078463611,25.445836643180854
Ribeirão Pires,Soma,3,1578,3.0,38.02281368821293,18.56089150738736,25.453520732261552
Santo André,Vila Francisco Matarazzo,9,4177,3.0,14.364376346660285,18.567742230138613,25.473860681621552
Ribeirão Pires,Ponte Seca,7,5192,3.0,11.556240369799692,18.574592952889862,25.49914318511141
Santo André,Jardim Vila Rica,4,1557,3.0,38.53564547206166,18.58144367564111,25.506725014451494
São Bernardo do Campo,Capivari,5,2002,3.0,29.97002997002997,18.588294398392364,25.51647377639038
Ribeirão Pires,Barro Branco,3,1836,3.0,32.6797385620915,18.595145121143613,25.52541419942724
São Bernardo do Campo,Curucuto,6,1586,3.0,37.83102143757881,18.601995843894866,25.5331372445996
Santo André,Vila Vitória,6,2802,3.0,21.41327623126338,18.608846566646115,25.546781615704877
Santo André,Casa Branca,9,3679,3.0,16.308779559662952,18.615697289397364,25.5646965483588
Guarulhos,Morro Grande,1,271,3.0,221.4022140221402,18.622548012148616,25.566016185963914
São Caetano do Sul,Jardim São Caetano,13,3709,3.0,16.176867080075493,18.629398734899866,25.58407720396158
Osasco,Setor Militar,3,2958,3.0,20.28397565922921,18.636249457651115,25.598481218854303
Osasco,Platina,6,2865,3.0,20.94240837696335,18.643100180402367,25.612432369181427
Osasco,Santa Fé,2,1501,3.0,39.973351099267155,18.649950903153616,25.619741505879862
Barueri,Altos,2,2243,3.0,26.74988854213107,18.65680162590487,25.630663820080123
Itaquaquecetuba,Ribeiro,8,5480,2.0,7.299270072992702,18.6613687744057,25.65734874286988
Santo André,Vila Alpina,6,1997,2.0,20.030045067601403,18.66593592290653,25.667073157251473
Santo André,Santa Maria,11,5871,2.0,6.813149378300119,18.670503071407367,25.695662059021302
Itaquaquecetuba,Mandi,4,2133,2.0,18.75293014533521,18.6750702199082,25.706048726961185
Itaquaquecetuba,Vila Virgínia,21,11265,2.0,3.5508211273857078,18.679637368409033,25.760903773535382
Santo André,Vila Bastos,12,4441,2.0,9.006980409817608,18.684204516909865,25.782529273920296
Santo André,Vila Junqueira,4,2143,2.0,18.665422305179654,18.6887716654107,25.79296463697476
Ribeirão Pires,Itrapoã,6,2377,2.0,16.827934371055953,18.693338813911534,25.804539465710384
Mauá,RP14 (Regiões de Planejamento),8,2484,2.0,16.10305958132045,18.697905962412367,25.816635332172023
Santo André,Jardim Jamaica,2,1909,2.0,20.953378732320587,18.7024731109132,25.82593122954531
Barueri,Jubran,6,2711,2.0,14.754703061600885,18.707040259414036,25.839132475107913
Santo André,Parque do Pedroso,1,507,2.0,78.89546351084812,18.71160740791487,25.84160131741711
São Bernardo do Campo,Balneária,1,602,2.0,66.44518272425249,18.7161745564157,25.844532763314813
Barueri,Tamboré,1,1076,2.0,37.174721189591075,18.720741704916534,25.84977235764361
Ribeirão Pires,Bocaina,8,5058,2.0,7.908264136022143,18.72530885341737,25.874402346598092
São Caetano do Sul,Prosperidade,7,2806,2.0,14.255167498218105,18.729876001918203,25.8880661957492
Santo André,Jardim Rina,6,2143,1.0,9.332711152589827,18.73215957616862,25.89850155880366
Santo André,Parque Jaçatuba,11,5195,1.0,3.8498556304138596,18.734443150419036,25.923798670827892
Santo André,Parque Gerassi,4,2648,1.0,7.552870090634441,18.736726724669452,25.936693137168636
Santo André,Novo Homero Thon,10,4314,1.0,4.6360686138154845,18.73901029891987,25.957700209598382
Mauá,RP5 (Regiões de Planejamento),2,461,1.0,43.38394793926247,18.741293873170285,25.959945054380512
Itaquaquecetuba,Campo da Venda,7,4552,1.0,4.393673110720563,18.743577447420705,25.98211107053726
Santo André,Pinheirinho,4,2178,1.0,9.182736455463727,18.74586102167112,25.99271686649275
Santo André,Rio Bonito,1,105,1.0,190.47619047619048,18.748144595921538,25.993228165195838
Santo André,Silveira,6,2919,1.0,6.851661527920521,18.750428170171954,26.007442269141695
Itaquaquecetuba,Pedreira,11,6466,1.0,3.093102381688834,18.75271174442237,26.03892853022903
Itaquaquecetuba,Jaguari,5,4182,1.0,4.782400765184122,18.754995318672787,26.05929282714632
Santo André,Jardim Cipreste,17,7131,1.0,2.804655728509325,18.757278892923203,26.094017313353206
Itaquaquecetuba,Açafrão,6,3653,1.0,5.4749520941691765,18.75956246717362,26.111805638709228
Guarulhos,São Roque,6,2182,1.0,9.165902841429881,18.76184604142404,26.12243091271055
Santo André,Vila Tibiriçá,5,2582,1.0,7.745933384972888,18.764129615674456,26.135003991295065
Caieiras,Santa Inês,6,2062,1.0,9.699321047526674,18.766413189924872,26.14504492392143
São Bernardo do Campo,Santa Cruz,4,2045,1.0,9.7799511002445,18.76869676417529,26.155003074853013
São Bernardo do Campo,Zanzala,2,362,1.0,55.24861878453039,18.770980338425705,26.1567658380008
Santo André,Jardim Clube de Campo,3,1078,1.0,18.552875695732837,18.77326391267612,26.16201517135251
Osasco,Raposo Tavares,1,580,1.0,34.48275862068965,18.775547486926538,26.164839487998137
Ribeirão Pires,Represa,15,7156,1.0,2.7948574622694244,18.777831061176954,26.199685711991478
Osasco,Vila Militar,1,274,1.0,72.99270072992701,18.78011463542737,26.201019958130967
Ribeirão Pires,Casa Vermelha,1,268,1.0,74.6268656716418,18.782398209677787,26.20232498720171
Osasco,Vila Campesina,6,2607,1.0,7.671653241273494,18.784681783928203,26.215019803572677
Osasco,Industrial Mazzei,5,2370,1.0,8.438818565400844,18.78696535817862,26.226560545728095
Embu das Artes,Chacaras Aurora,1,131,0.0,0.0,18.78696535817862,26.227198451729095
Embu das Artes,Parque Luiza,4,2185,0.0,0.0,18.78696535817862,26.23783833426479
Embu das Artes,Jardim Jurema,3,1342,0.0,0.0,18.78696535817862,26.244373218641403
Embu das Artes,Bosque do Embu,1,122,0.0,0.0,18.78696535817862,26.244967299039278
Embu das Artes,Caminho do Índio,1,139,0.0,0.0,18.78696535817862,26.24564416113194
Embu das Artes,Paranapanema,3,1148,0.0,0.0,18.78696535817862,26.251234360285707
Embu das Artes,Capuava,2,607,0.0,0.0,18.78696535817862,26.2541901537407
Ribeirão Pires,Centro,8,3118,0.0,0.0,18.78696535817862,26.269373290466703
Embu das Artes,Centro,4,825,0.0,0.0,18.78696535817862,26.273390637419535
Embu das Artes,Cercado Grande,5,1202,0.0,0.0,18.78696535817862,26.279243790192037
Embu das Artes,Moinho Velho,1,166,0.0,0.0,18.78696535817862,26.280052129094063
Osasco,Parque Continental,1,387,0.0,0.0,18.78696535817862,26.2819366300283
Embu das Artes,Parque Pirajussara,21,8164,0.0,0.0,18.78696535817862,26.32169132157129
Embu das Artes,Maria Auxiliadora,4,1919,0.0,0.0,18.78696535817862,26.331035914059157
Embu das Artes,Jardim Laila,4,1903,0.0,0.0,18.78696535817862,26.340302594363706
Embu das Artes,Chacaras Bartira,2,355,0.0,0.0,18.78696535817862,26.342031270931294
Embu das Artes,Jardim Ângela,10,6388,0.0,0.0,18.78696535817862,26.3731377101249
Ribeirão Pires,Guapituba,2,1899,0.0,0.0,18.78696535817862,26.38238491238361
Guarulhos,TANQUE GRANDE,1,120,0.0,0.0,18.78696535817862,26.38296925375857
Embu das Artes,Jardim dos Oliveiras,5,1663,0.0,0.0,18.78696535817862,26.3910672513132
Embu das Artes,Jardim dos Moraes,6,2405,0.0,0.0,18.78696535817862,26.40277842636965
Embu das Artes,Chácaras Ana Lúcia,3,880,0.0,0.0,18.78696535817862,26.40706359645268
Embu das Artes,Chácaras Caxingui,6,3496,0.0,0.0,18.78696535817862,26.424087408509795
Embu das Artes,Jardim dos Ipês,1,453,0.0,0.0,18.78696535817862,26.42629329720026
Embu das Artes,Jardim do Colégio,16,7095,0.0,0.0,18.78696535817862,26.46084248099466
Embu das Artes,Jardim de Lourdes,4,1638,0.0,0.0,18.78696535817862,26.46881874076284
Embu das Artes,Jardim da Luz,20,11124,0.0,0.0,18.78696535817862,26.522987186221464
Embu das Artes,Jardim Colibri,1,458,0.0,0.0,18.78696535817862,26.525217422469222
Embu das Artes,Parque São Leonardo,5,1430,0.0,0.0,18.78696535817862,26.53218082385414
Embu das Artes,Jardim Vitória,8,2754,0.0,0.0,18.78696535817862,26.54559145840943
Embu das Artes,Jardim Julia,10,5296,0.0,0.0,18.78696535817862,26.571380391090916
Embu das Artes,Votorantim,1,134,0.0,0.0,18.78696535817862,26.572032905626287
Embu das Artes,Vila Regina,7,2270,0.0,0.0,18.78696535817862,26.58308669663591
Embu das Artes,Vila Real,2,1068,0.0,0.0,18.78696535817862,26.58828733487304
Embu das Artes,Jardim Flórida,7,3675,0.0,0.0,18.78696535817862,26.606182789481135
Embu das Artes,Vila Perequê,3,1617,0.0,0.0,18.78696535817862,26.614056789508695
Embu das Artes,Vila Olinda,10,4017,0.0,0.0,18.78696535817862,26.63361761703542
Embu das Artes,Vila Isis Cristina,7,3748,0.0,0.0,18.78696535817862,26.651868545979944
Embu das Artes,Vila Bonfim,3,1047,0.0,0.0,18.78696535817862,26.65696692447646
Embu das Artes,Jardim Ferreira,1,206,0.0,0.0,18.78696535817862,26.657970043836805
Embu das Artes,Vale do Sol,2,509,0.0,0.0,18.78696535817862,26.660448625168918
Embu das Artes,Tingidor,1,192,0.0,0.0,18.78696535817862,26.66138357136885
Embu das Artes,Santa Rosa,3,1529,0.0,0.0,18.78696535817862,26.66882905438811
Embu das Artes,Ressaca,1,369,0.0,0.0,18.78696535817862,26.670625904116108
Embu das Artes,Quinta do morro,1,2199,0.0,0.0,18.78696535817862,26.681333959812214
Embu das Artes,Jardim Fabiana,5,2407,0.0,0.0,18.78696535817862,26.693054873891587
Embu das Artes,Ponta Porã,1,281,0.0,0.0,18.78696535817862,26.69442320661128
Embu das Artes,Perove,1,160,0.0,0.0,18.78696535817862,26.695202328444555
São Bernardo do Campo,Taquacetuba,8,1733,0.0,0.0,18.78696535817862,26.703641191801243
Embu das Artes,Jardim Irene,5,2149,0.0,0.0,18.78696535817862,26.71410577192445
Embu das Artes,Parque dos Caetes,1,105,0.0,0.0,18.78696535817862,26.71461707062754
Embu das Artes,Jardim Itatiaia,1,236,0.0,0.0,18.78696535817862,26.715766275331625
Barueri,Fazenda Militar,3,1685,0.0,0.0,18.78696535817862,26.72397140213833
Embu das Artes,Jardim Emílio Carlos,5,1900,0.0,0.0,18.78696535817862,26.733223473908502
Embu das Artes,Jardim Dom José,12,4777,0.0,0.0,18.78696535817862,26.756485130143293
Caieiras,Alpes de Caieiras,2,836,0.0,0.0,18.78696535817862,26.760556041722168
Caieiras,Calcárea,1,384,0.0,0.0,18.78696535817862,26.762425934122035
Embu das Artes,Parque das Chácaras,7,3831,0.0,0.0,18.78696535817862,26.781081032517573
Embu das Artes,Jardim Lavorato,2,789,0.0,0.0,18.78696535817862,26.784923077057925
Embu das Artes,Jardim Santa Emília,9,3324,0.0,0.0,18.78696535817862,26.801109333144268
Embu das Artes,Jardim Santa Luzia,7,3054,0.0,0.0,18.78696535817862,26.815980821136954
Embu das Artes,Jardim Silvia,10,4709,0.0,0.0,18.78696535817862,26.838911350592603
Embu das Artes,Jardim Presidente Kennedy,6,2569,0.0,0.0,18.78696535817862,26.851421125528162
Itaquaquecetuba,Una,3,681,0.0,0.0,18.78696535817862,26.85473726283105
Embu das Artes,Estância de Embuarama,1,542,0.0,0.0,18.78696535817862,26.857376538041283
Santo André,Parque América,2,520,0.0,0.0,18.78696535817862,26.859908683999436
Embu das Artes,Jardim Castilho,6,1928,0.0,0.0,18.78696535817862,26.869297102090428
Santo André,Paranapiacaba,3,774,0.0,0.0,18.78696535817862,26.87306610395891
Embu das Artes,Jardim Casa Branca,13,5807,0.0,0.0,18.78696535817862,26.901343356995426
Embu das Artes,Gramado,2,421,0.0,0.0,18.78696535817862,26.903393421319237
Embu das Artes,Granja Nossa Senhora Aparecida,1,180,0.0,0.0,18.78696535817862,26.904269933381673
Embu das Artes,Jardim São Marcos,20,8948,0.0,0.0,18.78696535817862,26.94784232190772
Santo André,Estância Rio Grande,1,125,0.0,0.0,18.78696535817862,26.948451010839968
Embu das Artes,Jardim São Luiz,11,3940,0.0,0.0,18.78696535817862,26.96763688598443
Embu das Artes,Jardim São Francisco,6,3931,0.0,0.0,18.78696535817862,26.98677893552577
Embu das Artes,Jardim Recanto da Fonte,1,405,0.0,0.0,18.78696535817862,26.98875108766625
Embu das Artes,Esplanada,12,6756,0.0,0.0,18.78696535817862,27.0216495070764
Embu das Artes,Independência-Casa Branca,3,1465,0.0,0.0,18.78696535817862,27.028783341362345
Embu das Artes,Invernada,1,138,0.0,0.0,18.78696535817862,27.02945533394355
Barueri,Aldeia da Serra,5,3472,0.0,0.0,18.78696535817862,27.04636227772567
Embu das Artes,Jardim Batista,4,2247,0.0,0.0,18.78696535817862,27.05730406997176
Embu das Artes,Jardim Sadie,4,1472,0.0,0.0,18.78696535817862,27.06447199083792
Embu das Artes,Jardim Santo Eduardo,24,11626,0.0,0.0,18.78696535817862,27.12108493104845
Embu das Artes,Jardim Santo Antônio,8,4591,0.0,0.0,18.78696535817862,27.143440858152058
Santo André,Jardim Joaquim Eugênio de Lima,2,564,0.0,0.0,18.78696535817862,27.146187262614358
Embu das Artes,Jardim Santa Bárbara,2,925,0.0,0.0,18.78696535817862,27.150691560712996
Embu das Artes,Jardim Santa Clara,5,1934,0.0,0.0,18.78696535817862,27.16010919587274
Embu das Artes,Jardim Santa Tereza,15,7568,0.0,0.0,18.78696535817862,27.196961658586766
Embu das Artes,Jardim Santa Rita,2,1178,0.0,0.0,18.78696535817862,27.202697943084274
Embu das Artes,Jardim Santa Maria,2,624,0.0,0.0,18.78696535817862,27.20573651823406
Osasco,Cidade de Deus,1,285,0.0,0.0,18.78696535817862,27.207124328999583
Embu das Artes,Jardim São Vicente,7,3340,0.0,0.0,18.78696535817862,27.22338849726925
Embu das Artes,Jardim Vazame,7,2926,0.0,0.0,18.78696535817862,27.237636687795312
Embu das Artes,Jardim Novo Campo Limpo,11,5669,0.0,0.0,18.78696535817862,27.26524194825063
Ribeirão Pires,Pastoril,3,1345,0.0,0.0,18.78696535817862,27.271791441161618
Embu das Artes,Chácaras Lydia,1,124,0.0,0.0,18.78696535817862,27.27239526058241
Embu das Artes,Jardim Valo Verde,17,8027,0.0,0.0,18.78696535817862,27.311482829055656
Embu das Artes,Jardim Magaly,7,2943,0.0,0.0,18.78696535817862,27.325813801276507
Embu das Artes,Jardim Marina,3,1306,0.0,0.0,18.78696535817862,27.332173383240633
Embu das Artes,Jardim Mimas,8,3586,0.0,0.0,18.78696535817862,27.349635451328965
Embu das Artes,Jardim Tome,2,862,0.0,0.0,18.78696535817862,27.35383297020575
Embu das Artes,Chácaras São Cristóvão,1,145,0.0,0.0,18.78696535817862,27.354539049367155
Itaquaquecetuba,Estação,9,4000,0.0,0.0,18.78696535817862,27.374017095199093
Embu das Artes,Água Espraiada,1,180,0.0,0.0,18.78696535817862,27.37489360726153
Embu das Artes,Jardim Nayara,2,1668,0.0,0.0,18.78696535817862,27.38301595237345
Embu das Artes,Jardim Nossa Senhora de Fátima,10,5797,0.0,0.0,18.78696535817862,27.41124451029539
Embu das Artes,Jardim Taima,1,708,0.0,0.0,18.78696535817862,27.41469212440764
Ribeirão Pires,Sertãozinho,1,329,0.0,0.0,18.78696535817862,27.41629419367732
Embu das Artes,Engenho Velho,4,1950,0.0,0.0,18.78696535817862,27.425789741020388
Santo André,Vila Alice,5,2692,0.0,0.0,18.78696535817862,27.438898465865286
Embu das Artes,Cooperativa,1,270,0.0,0.0,18.78696535817862,27.440213233958943
Santo André,Sítio Taquaral,1,219,0.0,0.0,18.78696535817862,27.441279656968238
Embu das Artes,Jardim Novo Embu,4,1569,0.0,0.0,18.78696535817862,27.448919920445817
Osasco,Industrial Centro,1,867,0.0,0.0,18.78696535817862,27.453141786879893
Ribeirão Pires,Tecelão,5,1177,0.0,0.0,18.78696535817862,27.45887320186594
Embu das Artes,Embu Colonial,2,446,0.0,0.0,18.78696535817862,27.4610450039762
Embu das Artes,Jardim Pinheirinho,12,5220,0.0,0.0,18.78696535817862,27.48646385378688
Embu das Artes,Jardim Pinheiros,2,914,0.0,0.0,18.78696535817862,27.49091458725948
Embu das Artes,Embu-Mirim,1,848,0.0,0.0,18.78696535817862,27.49504393297585
Osasco,City Bussocaba,8,2632,0.0,0.0,18.78696535817862,27.507860487133268
Embu das Artes,Jardim Indaiá,2,990,0.0,0.0,18.78696535817862,27.512681303476672
Embu das Artes,Embuema,2,676,0.0,0.0,18.78696535817862,27.515973093222268
Embu das Artes,Jardim Vista Alegre,25,12778,0.0,0.0,18.78696535817862,27.578195710632396
