NM_MUN,bairro,n_setores,pop,casos,taxa,cum_pct_casos
Guarulhos,Pimentas,13,6278,60.0,191.14367633004142,0.47285050043344623
São Bernardo do Campo,Montanhão,7,4285,51.0,238.03967327887983,0.8747734258018756
Osasco,Munhoz Júnior,5,3053,38.0,248.93547330494596,1.174245409409725
Guarulhos,Cumbíca,9,3674,37.0,201.4153511159499,1.4658365513436835
Diadema,Eldorado,7,3201,36.0,224.92970946579194,1.7495468516037511
Osasco,Padroeira,6,2736,35.0,255.84795321637426,2.025376310189928
Barueri,Silveira,5,2982,34.0,228.0348759221999,2.2933249271022147
Guarulhos,Jardim Vila Galvão,5,2749,33.0,240.0873044743543,2.55339270234061
Diadema,Canhema,4,2137,32.0,299.4852597098736,2.8055796359051146
Diadema,Taboão,4,2305,31.0,268.98047722342733,3.0498857277957288
Guarulhos,Vila Rio,5,2705,28.0,207.02402957486137,3.27054929466467
Mauá,RP8 (Regiões de Planejamento),5,2351,27.0,229.68949383241176,3.483332019859721
Osasco,Piratininga,3,1548,27.0,348.83720930232556,3.6961147450547718
São Bernardo do Campo,Baeta Neves,5,2443,25.0,204.6663937781416,3.8931357869020413
Diadema,Casa Grande,6,2388,25.0,209.38023450586263,4.09015682874931
Santo André,Miami / Riviera,3,2143,25.0,233.31777881474568,4.2871778705965795
Osasco,Bela Vista,1,278,25.0,1798.5611510791366,4.4841989124438495
Osasco,São Pedro,4,2519,24.0,190.55180627233028,4.673339112617227
Osasco,Vila Menck,5,2285,20.0,175.054704595186,4.8309559460950435
São Bernardo do Campo,Ferrazópolis,4,1619,17.0,210.00617665225448,4.964930254551185
Osasco,Santa Maria,3,1317,17.0,258.16249050873193,5.098904563007329
Guarulhos,Taboão,3,1477,16.0,216.6553825321598,5.224998029789582
Diadema,Inamar,3,1104,15.0,271.7391304347826,5.343210654897943
Barueri,Votupoca,3,1203,14.0,232.75145469659185,5.4535424383324145
Guarulhos,Morros,3,1685,14.0,166.1721068249258,5.563874221766884
Guarulhos,Bananal,3,1325,13.0,196.22641509433961,5.666325163527465
Mauá,RP9 (Regiões de Planejamento),3,1289,13.0,201.7067494181536,5.768776105288045
Guarulhos,Vila Galvão,3,1235,12.0,194.33198380566802,5.863346205374734
São Bernardo do Campo,Cooperativa,2,1438,12.0,166.89847009735743,5.957916305461423
Guarulhos,Lavras,2,1015,12.0,236.45320197044333,6.0524864055481125
Osasco,Aliança,3,1191,12.0,201.51133501259446,6.1470565056348025
São Bernardo do Campo,Santa Terezinha,2,1266,12.0,189.5734597156398,6.241626605721491
Guarulhos,Bonsucesso,3,1333,12.0,180.0450112528132,6.336196705808181
Diadema,Centro,4,1286,12.0,186.6251944012442,6.430766805894869
Guarulhos,Bom Clima,2,1051,12.0,228.3539486203616,6.5253369059815585
Mauá,RP13 (Regiões de Planejamento),2,666,11.0,330.3303303303303,6.612026164394358
Osasco,Bandeiras,2,605,11.0,363.6363636363636,6.6987154228071555
Santo André,Jardim Santo André CDHU,4,1001,11.0,219.78021978021977,6.785404681219955
São Bernardo do Campo,Centro,2,758,10.0,263.8522427440633,6.864213097958862
São Bernardo do Campo,Dos Alvarenga,3,784,10.0,255.1020408163265,6.94302151469777
Osasco,Bonfim,2,980,10.0,204.08163265306123,7.021829931436678
Guarulhos,Presidente Dutra,2,983,10.0,203.4587995930824,7.100638348175585
Guarulhos,São João,2,1210,10.0,165.2892561983471,7.179446764914493
Santo André,Vila Suíça,3,695,10.0,287.7697841726619,7.2582551816534
Mauá,RP7 (Regiões de Planejamento),2,1217,10.0,164.33853738701725,7.337063598392309
Diadema,Conceição,4,846,9.0,212.76595744680853,7.407991173457325
São Bernardo do Campo,Dos Casa,3,931,9.0,193.3404940923738,7.478918748522342
Santo André,Vila Guiomar,1,1144,9.0,157.34265734265736,7.549846323587358
Guarulhos,Invernada,2,863,9.0,208.5747392815759,7.620773898652376
Caieiras,Nova Era,1,371,9.0,485.17520215633425,7.6917014737173925
Osasco,Jardim Roberto,2,432,9.0,416.6666666666667,7.76262904878241
Osasco,Bonança,2,686,9.0,262.3906705539359,7.833556623847427
Osasco,Ayrosa,1,669,8.0,239.16292974588941,7.896603357238553
Guarulhos,Itaím,2,879,8.0,182.02502844141068,7.959650090629679
Guarulhos,Água Chata,1,795,8.0,201.2578616352201,8.022696824020805
Diadema,Vila Nogueira,2,582,8.0,274.9140893470791,8.08574355741193
Guarulhos,Tranquilidade,1,826,8.0,193.7046004842615,8.148790290803058
Osasco,Vila Yolanda,2,1022,8.0,156.55577299412917,8.211837024194184
Osasco,Helena Maria,2,760,7.0,184.21052631578948,8.26700291591142
Osasco,Cidade das Flores,1,873,7.0,160.36655211912944,8.322168807628655
Mauá,RP12 (Regiões de Planejamento),1,619,6.0,193.86106623586429,8.369453857672
Osasco,Portal D'Oeste,2,652,6.0,184.04907975460122,8.416738907715345
Guarulhos,Gopoúva,1,721,6.0,166.4355062413315,8.46402395775869
Ribeirão Pires,Km 4,1,343,6.0,349.8542274052478,8.511309007802033
Guarulhos,Sadokim,1,573,6.0,209.42408376963354,8.558594057845378
Diadema,Campanário,3,689,6.0,174.1654571843251,8.605879107888722
Guarulhos,Vila Barros,1,762,6.0,157.48031496062993,8.653164157932066
Santo André,Jardim Guarará,1,295,5.0,338.9830508474576,8.692568366301522
Osasco,Santo Antônio,1,522,5.0,191.57088122605364,8.731972574670975
São Bernardo do Campo,Alves Dias,1,315,5.0,317.46031746031747,8.771376783040429
Osasco,Rochdale,1,400,5.0,250.0,8.810780991409882
Osasco,Km 18,1,433,5.0,230.94688221709006,8.850185199779336
Santo André,Jardim Santo André,1,528,5.0,189.3939393939394,8.88958940814879
Osasco,Centro,3,471,5.0,212.31422505307856,8.928993616518245
Guarulhos,Paraventi,1,567,5.0,176.3668430335097,8.968397824887699
São Caetano do Sul,Fundação,2,482,5.0,207.4688796680498,9.007802033257152
Caieiras,Vera Tereza,1,479,5.0,208.76826722338203,9.047206241626606
Guarulhos,Centro,2,603,5.0,165.8374792703151,9.086610449996058
Guarulhos,Fátima,1,505,5.0,198.01980198019803,9.126014658365515
Guarulhos,Itapegica,1,564,5.0,177.3049645390071,9.165418866734967
Guarulhos,Cocaia,1,387,5.0,258.3979328165375,9.204823075104422
São Bernardo do Campo,Independência,1,633,5.0,157.9778830963665,9.244227283473876
Barueri,Mutinga,1,623,5.0,160.51364365971108,9.283631491843328
Mauá,RP11 (Regiões de Planejamento),1,441,5.0,226.75736961451247,9.323035700212783
Guarulhos,Cabuçu,2,382,4.0,209.42408376963354,9.354559066908346
Santo André,Jardim Irene,1,148,4.0,540.5405405405405,9.38608243360391
Caieiras,Laranjeiras,1,407,4.0,196.56019656019654,9.417605800299473
Santo André,Centreville,1,516,4.0,155.03875968992247,9.449129166995036
Guarulhos,Monte Carmelo,2,453,4.0,176.60044150110375,9.480652533690598
Diadema,Serraria,1,451,4.0,177.38359201773835,9.512175900386161
Guarulhos,Cecap,1,413,4.0,193.7046004842615,9.543699267081724
Itaquaquecetuba,Pinheirinho,1,475,4.0,168.42105263157896,9.575222633777287
São Bernardo do Campo,Batistini,2,352,4.0,227.27272727272725,9.60674600047285
Guarulhos,Água Azul,1,375,4.0,213.33333333333334,9.638269367168412
São Bernardo do Campo,Taboão,1,500,4.0,160.0,9.669792733863977
Barueri,Engenho Novo,1,467,4.0,171.30620985010705,9.70131610055954
São Bernardo do Campo,Varginha,1,379,3.0,158.31134564643799,9.724958625581213
Santo André,Parque Capuava,1,351,3.0,170.94017094017093,9.748601150602884
Santo André,Jardim Santa Cristina,1,205,3.0,292.6829268292683,9.772243675624557
São Caetano do Sul,Santa Maria,1,365,3.0,164.38356164383563,9.79588620064623
Osasco,Industrial Autonomistas,1,329,3.0,182.370820668693,9.819528725667901
Guarulhos,Picanço,1,329,3.0,182.370820668693,9.843171250689574
Santo André,Condomínio Maracanã,2,356,3.0,168.53932584269663,9.866813775711245
Santo André,Cidade São Jorge,1,356,3.0,168.53932584269663,9.890456300732918
Osasco,Castelo Branco,1,361,3.0,166.20498614958447,9.91409882575459
Santo André,Jardim Ana Maria,1,344,3.0,174.41860465116278,9.937741350776264
Guarulhos,Morro Grande,1,271,3.0,221.4022140221402,9.961383875797935
Osasco,Metalúrgicos,1,352,3.0,170.45454545454544,9.985026400819608
Osasco,Industrial Remédios,1,246,2.0,162.60162601626016,10.00078808416739
Guarulhos,Vila Augusta,1,241,2.0,165.97510373443984,10.016549767515171
Mauá,RP10 (Regiões de Planejamento),1,131,2.0,305.3435114503817,10.032311450862952
Mauá,RP4 (Regiões de Planejamento),1,170,2.0,235.2941176470588,10.048073134210734
Osasco,Industrial Anhanguera,1,149,2.0,268.45637583892614,10.063834817558515
Osasco,Paiva Ramos,1,142,2.0,281.69014084507046,10.079596500906298
Ribeirão Pires,Pouso Alegre,1,236,2.0,169.4915254237288,10.09535818425408
São Bernardo do Campo,Tatetos,1,255,2.0,156.8627450980392,10.111119867601861
Santo André,Vila Alpina,1,124,2.0,322.5806451612903,10.126881550949642
Santo André,Jardim Telles de Menezes,1,182,2.0,219.78021978021977,10.142643234297424
São Bernardo do Campo,Rudge Ramos,1,183,2.0,218.5792349726776,10.158404917645205
Guarulhos,Maia,1,127,1.0,157.48031496062993,10.166285759319095
Diadema,Piraporinha,1,107,1.0,186.9158878504673,10.174166600992987
Caieiras,Santa Inês,1,105,1.0,190.47619047619048,10.182047442666876
Santo André,Jardim Itapoan,1,116,1.0,172.41379310344828,10.189928284340768
Santo André,Vila Humaitá,1,111,1.0,180.18018018018017,10.197809126014658
Santo André,Centro,1,115,1.0,173.91304347826087,10.20568996768855
Santo André,Vila América,1,128,1.0,156.25,10.21357080936244
Santo André,Rio Bonito,1,105,1.0,190.47619047619048,10.22145165103633
Osasco,Baronesa,1,117,1.0,170.94017094017093,10.229332492710222
